round,accuracy,total_samples,human_labels,auto_labels
1,0.5666666666666667,30,0,0
2,0.7285714285714285,38,0,8
3,0.750909090909091,52,0,22
4,0.86,72,0,42
